configuration,frequency,weighting,LS_total_return,LS_annualized_return,LS_volatility,LS_sharpe_ratio,LS_max_drawdown,avg_turnover
monthly_equal,monthly,equal,-0.014966652197431762,-0.03489174477535806,0.04321472290794867,-0.8003259439071883,-0.043921746224473014,0.6623405398244453
monthly_value,monthly,value,0.019962658533269506,0.04765228506475472,0.11846234161831326,0.4509092075962705,-0.08366239371151282,0.691188361591372
weekly_equal,weekly,equal,-0.004804946999823478,-0.009740676876840548,0.048380310818738045,-0.1783314966327291,-0.04146172243167218,0.7799381048422238
weekly_value,weekly,value,0.14949374892492417,0.3272876517013388,0.24069433132655427,1.2924444822397008,-0.061638790783257416,0.7897515233416137
